{
"meta":{"test_sets":[],"test_metrics":[],"learn_metrics":[{"best_value":"Min","name":"MultiClass"}],"launch_mode":"Train","parameters":"","iteration_count":200,"learn_sets":["learn"],"name":"experiment"},
"iterations":[
{"learn":[0.9261207465],"iteration":0,"passed_time":0.4981394566,"remaining_time":99.12975186},
{"learn":[0.7955391278],"iteration":1,"passed_time":0.6685943647,"remaining_time":66.19084211},
{"learn":[0.6919512995],"iteration":2,"passed_time":0.8294353704,"remaining_time":54.46625599},
{"learn":[0.6079936019],"iteration":3,"passed_time":1.002922238,"remaining_time":49.14318966},
{"learn":[0.5383430643],"iteration":4,"passed_time":1.185071884,"remaining_time":46.21780346},
{"learn":[0.4795445776],"iteration":5,"passed_time":1.357322443,"remaining_time":43.88675898},
{"learn":[0.4284512505],"iteration":6,"passed_time":1.520131687,"remaining_time":41.91220223},
{"learn":[0.3850277608],"iteration":7,"passed_time":1.689628067,"remaining_time":40.5510736},
{"learn":[0.3470228201],"iteration":8,"passed_time":1.850650079,"remaining_time":39.27490723},
{"learn":[0.3130809656],"iteration":9,"passed_time":2.015414287,"remaining_time":38.29287145},
{"learn":[0.2838933974],"iteration":10,"passed_time":2.179037667,"remaining_time":37.439829},
{"learn":[0.25821997],"iteration":11,"passed_time":2.344826551,"remaining_time":36.73561597},
{"learn":[0.2354202039],"iteration":12,"passed_time":2.499782377,"remaining_time":35.95840803},
{"learn":[0.2150770379],"iteration":13,"passed_time":2.656027768,"remaining_time":35.28722605},
{"learn":[0.1969056289],"iteration":14,"passed_time":2.823785845,"remaining_time":34.82669209},
{"learn":[0.180864217],"iteration":15,"passed_time":2.979122229,"remaining_time":34.25990564},
{"learn":[0.1659487275],"iteration":16,"passed_time":3.148754406,"remaining_time":33.89541507},
{"learn":[0.1532775044],"iteration":17,"passed_time":3.311506502,"remaining_time":33.48301018},
{"learn":[0.1418239883],"iteration":18,"passed_time":3.476677584,"remaining_time":33.11992857},
{"learn":[0.1310007577],"iteration":19,"passed_time":3.640116426,"remaining_time":32.76104783},
{"learn":[0.121602132],"iteration":20,"passed_time":3.800312353,"remaining_time":32.39313863},
{"learn":[0.1124659205],"iteration":21,"passed_time":3.968618743,"remaining_time":32.10973347},
{"learn":[0.1050437858],"iteration":22,"passed_time":4.126022884,"remaining_time":31.75243698},
{"learn":[0.09811821564],"iteration":23,"passed_time":4.281995287,"remaining_time":31.40129877},
{"learn":[0.09183121423],"iteration":24,"passed_time":4.45283401,"remaining_time":31.16983807},
{"learn":[0.08552325866],"iteration":25,"passed_time":4.614198645,"remaining_time":30.87963709},
{"learn":[0.08018220942],"iteration":26,"passed_time":4.772653822,"remaining_time":30.58033745},
{"learn":[0.07548692697],"iteration":27,"passed_time":4.936711703,"remaining_time":30.32551475},
{"learn":[0.07101979357],"iteration":28,"passed_time":5.104174304,"remaining_time":30.09702779},
{"learn":[0.06700340201],"iteration":29,"passed_time":5.260951546,"remaining_time":29.81205876},
{"learn":[0.06340584335],"iteration":30,"passed_time":5.419141915,"remaining_time":29.54306399},
{"learn":[0.06015488645],"iteration":31,"passed_time":5.587784392,"remaining_time":29.33586806},
{"learn":[0.05701630195],"iteration":32,"passed_time":5.75397714,"remaining_time":29.11861159},
{"learn":[0.05391838746],"iteration":33,"passed_time":5.931968945,"remaining_time":28.96196602},
{"learn":[0.05143937688],"iteration":34,"passed_time":6.094581362,"remaining_time":28.73159785},
{"learn":[0.04900696821],"iteration":35,"passed_time":6.250533883,"remaining_time":28.47465436},
{"learn":[0.0465194192],"iteration":36,"passed_time":6.404824196,"remaining_time":28.21584714},
{"learn":[0.0449617009],"iteration":37,"passed_time":6.568654287,"remaining_time":28.00321038},
{"learn":[0.04294918721],"iteration":38,"passed_time":6.729771678,"remaining_time":27.78187795},
{"learn":[0.04123751284],"iteration":39,"passed_time":6.890913207,"remaining_time":27.56365283},
{"learn":[0.03940089727],"iteration":40,"passed_time":7.063445117,"remaining_time":27.39238472},
{"learn":[0.03789615805],"iteration":41,"passed_time":7.223082638,"remaining_time":27.17254897},
{"learn":[0.03712288529],"iteration":42,"passed_time":7.380507733,"remaining_time":26.94743521},
{"learn":[0.03555584939],"iteration":43,"passed_time":7.542516398,"remaining_time":26.74164905},
{"learn":[0.0345416385],"iteration":44,"passed_time":7.706445439,"remaining_time":26.54442318},
{"learn":[0.03346678435],"iteration":45,"passed_time":7.868163886,"remaining_time":26.34124431},
{"learn":[0.03264334311],"iteration":46,"passed_time":8.031980955,"remaining_time":26.14666141},
{"learn":[0.03176704569],"iteration":47,"passed_time":8.19158703,"remaining_time":25.94002559},
{"learn":[0.03098918834],"iteration":48,"passed_time":8.36565254,"remaining_time":25.77986803},
{"learn":[0.03025339005],"iteration":49,"passed_time":8.521838678,"remaining_time":25.56551603},
{"learn":[0.02969913425],"iteration":50,"passed_time":8.678001909,"remaining_time":25.35337813},
{"learn":[0.0291064416],"iteration":51,"passed_time":8.832718294,"remaining_time":25.13927514},
{"learn":[0.02825109604],"iteration":52,"passed_time":8.993034601,"remaining_time":24.94294503},
{"learn":[0.02753872857],"iteration":53,"passed_time":9.149217587,"remaining_time":24.73677348},
{"learn":[0.02673937209],"iteration":54,"passed_time":9.307799911,"remaining_time":24.53874522},
{"learn":[0.02622400301],"iteration":55,"passed_time":9.464175878,"remaining_time":24.33645226},
{"learn":[0.02538088303],"iteration":56,"passed_time":9.635162789,"remaining_time":24.17242594},
{"learn":[0.02492224511],"iteration":57,"passed_time":9.796426039,"remaining_time":23.98435341},
{"learn":[0.02441376799],"iteration":58,"passed_time":9.96941242,"remaining_time":23.82520595},
{"learn":[0.02380208071],"iteration":59,"passed_time":10.14077305,"remaining_time":23.66180378},
{"learn":[0.02343683446],"iteration":60,"passed_time":10.30538504,"remaining_time":23.48276263},
{"learn":[0.02309625272],"iteration":61,"passed_time":10.46554618,"remaining_time":23.2942802},
{"learn":[0.02280576294],"iteration":62,"passed_time":10.62741481,"remaining_time":23.11040999},
{"learn":[0.02239919506],"iteration":63,"passed_time":10.78892868,"remaining_time":22.92647345},
{"learn":[0.02212848373],"iteration":64,"passed_time":10.94543937,"remaining_time":22.73283562},
{"learn":[0.02168728907],"iteration":65,"passed_time":11.10572448,"remaining_time":22.54798606},
{"learn":[0.02133469277],"iteration":66,"passed_time":11.27591086,"remaining_time":22.38352454},
{"learn":[0.0209511383],"iteration":67,"passed_time":11.44692531,"remaining_time":22.22050207},
{"learn":[0.02068877988],"iteration":68,"passed_time":11.61468067,"remaining_time":22.05106039},
{"learn":[0.02046658826],"iteration":69,"passed_time":11.77835274,"remaining_time":21.87408366},
{"learn":[0.02013725582],"iteration":70,"passed_time":11.9534905,"remaining_time":21.71831373},
{"learn":[0.01969876507],"iteration":71,"passed_time":12.11411858,"remaining_time":21.5362108},
{"learn":[0.01936284097],"iteration":72,"passed_time":12.27222231,"remaining_time":21.35030457},
{"learn":[0.01900666535],"iteration":73,"passed_time":12.4334273,"remaining_time":21.17043027},
{"learn":[0.01883419234],"iteration":74,"passed_time":12.5932063,"remaining_time":20.98867716},
{"learn":[0.0185848781],"iteration":75,"passed_time":12.76020774,"remaining_time":20.81928632},
{"learn":[0.01840320692],"iteration":76,"passed_time":12.92775646,"remaining_time":20.65083175},
{"learn":[0.01822512664],"iteration":77,"passed_time":13.09287193,"remaining_time":20.47859456},
{"learn":[0.01794314631],"iteration":78,"passed_time":13.25321221,"remaining_time":20.29922376},
{"learn":[0.0174983642],"iteration":79,"passed_time":13.41993384,"remaining_time":20.12990076},
{"learn":[0.01734694159],"iteration":80,"passed_time":13.58764111,"remaining_time":19.96209002},
{"learn":[0.01713561316],"iteration":81,"passed_time":13.76372645,"remaining_time":19.80633807},
{"learn":[0.01703169571],"iteration":82,"passed_time":13.93925615,"remaining_time":19.64931288},
{"learn":[0.01686675701],"iteration":83,"passed_time":14.10856324,"remaining_time":19.48325399},
{"learn":[0.01674506469],"iteration":84,"passed_time":14.27133857,"remaining_time":19.30828159},
{"learn":[0.01643647075],"iteration":85,"passed_time":14.44770961,"remaining_time":19.15161506},
{"learn":[0.01633116192],"iteration":86,"passed_time":14.61224267,"remaining_time":18.97911979},
{"learn":[0.0162234831],"iteration":87,"passed_time":14.7686076,"remaining_time":18.79640968},
{"learn":[0.01610172121],"iteration":88,"passed_time":14.93593198,"remaining_time":18.62796012},
{"learn":[0.01598881777],"iteration":89,"passed_time":15.10069228,"remaining_time":18.45640167},
{"learn":[0.01565363226],"iteration":90,"passed_time":15.25709379,"remaining_time":18.27498047},
{"learn":[0.01552465375],"iteration":91,"passed_time":15.43128208,"remaining_time":18.11498331},
{"learn":[0.01532991751],"iteration":92,"passed_time":15.58625463,"remaining_time":17.93257253},
{"learn":[0.01522438954],"iteration":93,"passed_time":15.74991408,"remaining_time":17.76054141},
{"learn":[0.01491123536],"iteration":94,"passed_time":15.91351438,"remaining_time":17.58862116},
{"learn":[0.01465554513],"iteration":95,"passed_time":16.07730133,"remaining_time":17.41707644},
{"learn":[0.01434818256],"iteration":96,"passed_time":16.25831525,"remaining_time":17.26398424},
{"learn":[0.01419874267],"iteration":97,"passed_time":16.42735578,"remaining_time":17.0978601},
{"learn":[0.01412726289],"iteration":98,"passed_time":16.59581758,"remaining_time":16.93108663},
{"learn":[0.01405140143],"iteration":99,"passed_time":16.77299056,"remaining_time":16.77299056},
{"learn":[0.01391556922],"iteration":100,"passed_time":16.93529356,"remaining_time":16.59994121},
{"learn":[0.01377560926],"iteration":101,"passed_time":17.09799387,"remaining_time":16.4274843},
{"learn":[0.01367951483],"iteration":102,"passed_time":17.26205512,"remaining_time":16.25649851},
{"learn":[0.01357772387],"iteration":103,"passed_time":17.43275455,"remaining_time":16.09177343},
{"learn":[0.01342502351],"iteration":104,"passed_time":17.60743817,"remaining_time":15.93053929},
{"learn":[0.01323780883],"iteration":105,"passed_time":17.76473653,"remaining_time":15.75363428},
{"learn":[0.0131329835],"iteration":106,"passed_time":17.9346617,"remaining_time":15.58807045},
{"learn":[0.01293795739],"iteration":107,"passed_time":18.08847083,"remaining_time":15.40869737},
{"learn":[0.0128205911],"iteration":108,"passed_time":18.25654785,"remaining_time":15.24170509},
{"learn":[0.0126654767],"iteration":109,"passed_time":18.43930585,"remaining_time":15.08670479},
{"learn":[0.01260852756],"iteration":110,"passed_time":18.61033756,"remaining_time":14.92180219},
{"learn":[0.01245479526],"iteration":111,"passed_time":18.77833834,"remaining_time":14.75440869},
{"learn":[0.0123846315],"iteration":112,"passed_time":18.9521127,"remaining_time":14.5914496},
{"learn":[0.01231433208],"iteration":113,"passed_time":19.11882978,"remaining_time":14.42297685},
{"learn":[0.01215311879],"iteration":114,"passed_time":19.29237395,"remaining_time":14.25958074},
{"learn":[0.01193347456],"iteration":115,"passed_time":19.46398456,"remaining_time":14.09460951},
{"learn":[0.01187224577],"iteration":116,"passed_time":19.62113925,"remaining_time":13.91926973},
{"learn":[0.01180336439],"iteration":117,"passed_time":19.78333565,"remaining_time":13.74774172},
{"learn":[0.01173723447],"iteration":118,"passed_time":19.94541991,"remaining_time":13.57629422},
{"learn":[0.01167610076],"iteration":119,"passed_time":20.11880783,"remaining_time":13.41253855},
{"learn":[0.01155478759],"iteration":120,"passed_time":20.28592593,"remaining_time":13.24453015},
{"learn":[0.01149699318],"iteration":121,"passed_time":20.4563252,"remaining_time":13.07863415},
{"learn":[0.01141783648],"iteration":122,"passed_time":20.62324431,"remaining_time":12.91048627},
{"learn":[0.01135201961],"iteration":123,"passed_time":20.8042154,"remaining_time":12.75097073},
{"learn":[0.0111916887],"iteration":124,"passed_time":20.99110321,"remaining_time":12.59466193},
{"learn":[0.01106996275],"iteration":125,"passed_time":21.17295086,"remaining_time":12.43490765},
{"learn":[0.01099366765],"iteration":126,"passed_time":21.36588603,"remaining_time":12.28117859},
{"learn":[0.01092164408],"iteration":127,"passed_time":21.52466919,"remaining_time":12.10762642},
{"learn":[0.01088184716],"iteration":128,"passed_time":21.68665806,"remaining_time":11.93606761},
{"learn":[0.0107806742],"iteration":129,"passed_time":21.85816467,"remaining_time":11.76978098},
{"learn":[0.01074296667],"iteration":130,"passed_time":22.01701991,"remaining_time":11.59675095},
{"learn":[0.01053397692],"iteration":131,"passed_time":22.17898272,"remaining_time":11.42553655},
{"learn":[0.01048737848],"iteration":132,"passed_time":22.34718624,"remaining_time":11.2576051},
{"learn":[0.01039777483],"iteration":133,"passed_time":22.5158218,"remaining_time":11.08988238},
{"learn":[0.01036259729],"iteration":134,"passed_time":22.68797524,"remaining_time":10.92383993},
{"learn":[0.01024283203],"iteration":135,"passed_time":22.86944516,"remaining_time":10.76209184},
{"learn":[0.01019482482],"iteration":136,"passed_time":23.04279422,"remaining_time":10.59632143},
{"learn":[0.0101452326],"iteration":137,"passed_time":23.20798264,"remaining_time":10.42677481},
{"learn":[0.01007370876],"iteration":138,"passed_time":23.38072162,"remaining_time":10.26060445},
{"learn":[0.01002232166],"iteration":139,"passed_time":23.54307467,"remaining_time":10.08988914},
{"learn":[0.009954854855],"iteration":140,"passed_time":23.71430745,"remaining_time":9.923008082},
{"learn":[0.009867395094],"iteration":141,"passed_time":23.88009188,"remaining_time":9.753840346},
{"learn":[0.009826161579],"iteration":142,"passed_time":24.04178999,"remaining_time":9.583091114},
{"learn":[0.009713016382],"iteration":143,"passed_time":24.20132793,"remaining_time":9.411627526},
{"learn":[0.009598185299],"iteration":144,"passed_time":24.37891655,"remaining_time":9.247175243},
{"learn":[0.009556223629],"iteration":145,"passed_time":24.54980562,"remaining_time":9.080065094},
{"learn":[0.009472782054],"iteration":146,"passed_time":24.7257823,"remaining_time":8.914737836},
{"learn":[0.009437329718],"iteration":147,"passed_time":24.89478697,"remaining_time":8.746817045},
{"learn":[0.009408713112],"iteration":148,"passed_time":25.0620752,"remaining_time":8.578294196},
{"learn":[0.009355342714],"iteration":149,"passed_time":25.22665378,"remaining_time":8.408884594},
{"learn":[0.009325367194],"iteration":150,"passed_time":25.39460594,"remaining_time":8.240633714},
{"learn":[0.009263328506],"iteration":151,"passed_time":25.56825791,"remaining_time":8.074186708},
{"learn":[0.009229234504],"iteration":152,"passed_time":25.74082185,"remaining_time":7.907311287},
{"learn":[0.009114190076],"iteration":153,"passed_time":25.91747058,"remaining_time":7.741582122},
{"learn":[0.00908050885],"iteration":154,"passed_time":26.09080224,"remaining_time":7.574749037},
{"learn":[0.00904410168],"iteration":155,"passed_time":26.25819306,"remaining_time":7.406157017},
{"learn":[0.008976470808],"iteration":156,"passed_time":26.4376718,"remaining_time":7.240891002},
{"learn":[0.00892388654],"iteration":157,"passed_time":26.59803369,"remaining_time":7.070363386},
{"learn":[0.008858776382],"iteration":158,"passed_time":26.77266921,"remaining_time":6.903644262},
{"learn":[0.008788454931],"iteration":159,"passed_time":26.94674676,"remaining_time":6.736686689},
{"learn":[0.008686735275],"iteration":160,"passed_time":27.12794326,"remaining_time":6.571365137},
{"learn":[0.008618140873],"iteration":161,"passed_time":27.29152135,"remaining_time":6.401714885},
{"learn":[0.008590113863],"iteration":162,"passed_time":27.47101501,"remaining_time":6.235751874},
{"learn":[0.00850931069],"iteration":163,"passed_time":27.63305546,"remaining_time":6.065792662},
{"learn":[0.008434718286],"iteration":164,"passed_time":27.79526877,"remaining_time":5.895966103},
{"learn":[0.008299507559],"iteration":165,"passed_time":27.95408404,"remaining_time":5.725535286},
{"learn":[0.008269882202],"iteration":166,"passed_time":28.11838024,"remaining_time":5.556326634},
{"learn":[0.008245036812],"iteration":167,"passed_time":28.28209158,"remaining_time":5.387065063},
{"learn":[0.008226188265],"iteration":168,"passed_time":28.45275729,"remaining_time":5.219144828},
{"learn":[0.008196079405],"iteration":169,"passed_time":28.61426924,"remaining_time":5.049576926},
{"learn":[0.008162406875],"iteration":170,"passed_time":28.79342491,"remaining_time":4.883095452},
{"learn":[0.008112464487],"iteration":171,"passed_time":28.95874006,"remaining_time":4.714213497},
{"learn":[0.008082242577],"iteration":172,"passed_time":29.12994563,"remaining_time":4.546292093},
{"learn":[0.008002484098],"iteration":173,"passed_time":29.287288,"remaining_time":4.376261426},
{"learn":[0.007959110179],"iteration":174,"passed_time":29.44658513,"remaining_time":4.206655018},
{"learn":[0.007884800108],"iteration":175,"passed_time":29.61039891,"remaining_time":4.037781669},
{"learn":[0.00784503044],"iteration":176,"passed_time":29.77438352,"remaining_time":3.86898769},
{"learn":[0.007818389591],"iteration":177,"passed_time":29.92467527,"remaining_time":3.69855537},
{"learn":[0.00778942514],"iteration":178,"passed_time":30.09195275,"remaining_time":3.530340825},
{"learn":[0.007756548595],"iteration":179,"passed_time":30.24758647,"remaining_time":3.360842941},
{"learn":[0.007688915983],"iteration":180,"passed_time":30.42253587,"remaining_time":3.193525864},
{"learn":[0.007664609173],"iteration":181,"passed_time":30.58806623,"remaining_time":3.025193363},
{"learn":[0.007586735433],"iteration":182,"passed_time":30.74687302,"remaining_time":2.856266892},
{"learn":[0.007569673648],"iteration":183,"passed_time":30.90576491,"remaining_time":2.687457818},
{"learn":[0.007511831707],"iteration":184,"passed_time":31.07947092,"remaining_time":2.519957101},
{"learn":[0.007487632728],"iteration":185,"passed_time":31.24030001,"remaining_time":2.351420431},
{"learn":[0.007462439494],"iteration":186,"passed_time":31.40114236,"remaining_time":2.182967116},
{"learn":[0.007440757751],"iteration":187,"passed_time":31.56849316,"remaining_time":2.015010201},
{"learn":[0.007414006752],"iteration":188,"passed_time":31.74190108,"remaining_time":1.847412232},
{"learn":[0.007402278587],"iteration":189,"passed_time":31.91257923,"remaining_time":1.679609433},
{"learn":[0.007389574718],"iteration":190,"passed_time":32.09198563,"remaining_time":1.512187805},
{"learn":[0.007352950725],"iteration":191,"passed_time":32.2565558,"remaining_time":1.344023158},
{"learn":[0.007314079656],"iteration":192,"passed_time":32.41944101,"remaining_time":1.175834648},
{"learn":[0.007280041309],"iteration":193,"passed_time":32.58590272,"remaining_time":1.007811424},
{"learn":[0.007226677289],"iteration":194,"passed_time":32.74619574,"remaining_time":0.8396460446},
{"learn":[0.007175941235],"iteration":195,"passed_time":32.91731326,"remaining_time":0.6717819033},
{"learn":[0.007149307344],"iteration":196,"passed_time":33.08218942,"remaining_time":0.5037896867},
{"learn":[0.007135872421],"iteration":197,"passed_time":33.24013526,"remaining_time":0.335758942},
{"learn":[0.007108937643],"iteration":198,"passed_time":33.39776398,"remaining_time":0.1678279597},
{"learn":[0.007088035073],"iteration":199,"passed_time":33.56515833,"remaining_time":0}
]}